﻿<?xml version="1.0" encoding="utf-8" standalone="no"?>
<modDesc descVersion="90" xmlns:xsi="http://www.w3.org/2001/XMLSchema-instance" xsi:noNamespaceSchemaLocation="../../../../../bin/shared/xml/schema/modDesc.xsd">
    <author>NukEverything</author>
    <version>1.0.0.0</version>
    <title>
        <en>rh2460+</en>
        <de>rh2460+</de>
    </title>
    <description>
<en>The original RH2460 was designed exclusively for sugar beets and potatoes. For example, while you can use the Dewulf P3CL Profi to create carrot pallets, it cannot produce pallets during harvesting with a combine harvester. To simplify storage, this machine was reworked. Now, you can also convert carrots, parsnips, and red beets into vegetable pallets.</en>
<de>---</de>
    </description>
    <iconFilename>Rh_icon.png</iconFilename>
    <multiplayer supported="true"/>

    <storeItems>
        <storeItem xmlFilename="rh2460.xml"/>
    </storeItems>
</modDesc>
